-- phpMyAdmin SQL Dump
-- version 4.0.4.1
-- http://www.phpmyadmin.net
--
-- Host: localhost
-- Generation Time: Jun 01, 2017 at 06:48 AM
-- Server version: 5.6.12
-- PHP Version: 5.5.1

SET SQL_MODE = "NO_AUTO_VALUE_ON_ZERO";
SET time_zone = "+00:00";


/*!40101 SET @OLD_CHARACTER_SET_CLIENT=@@CHARACTER_SET_CLIENT */;
/*!40101 SET @OLD_CHARACTER_SET_RESULTS=@@CHARACTER_SET_RESULTS */;
/*!40101 SET @OLD_COLLATION_CONNECTION=@@COLLATION_CONNECTION */;
/*!40101 SET NAMES utf8 */;

--
-- Database: `wfwb`
--
CREATE DATABASE IF NOT EXISTS `wfwb` DEFAULT CHARACTER SET utf8 COLLATE utf8_unicode_ci;
USE `wfwb`;

-- --------------------------------------------------------

--
-- Table structure for table `authors`
--

CREATE TABLE IF NOT EXISTS `authors` (
  `author_id` int(11) NOT NULL AUTO_INCREMENT,
  `author_name` text,
  `about_author` text,
  PRIMARY KEY (`author_id`)
) ENGINE=InnoDB  DEFAULT CHARSET=utf8 AUTO_INCREMENT=13 ;

--
-- Dumping data for table `authors`
--

INSERT INTO `authors` (`author_id`, `author_name`, `about_author`) VALUES
(5, 'ชลนิล', '“ชลนิล” เป็นนามปากกาซึ่งใช้เขียนนิยายลงเป็นประจำในนิตยสาร บางกอก ผลงานที่ผ่านมามีทั้งแนวแฟนตาซี ดราม่า ลึกลับ สืบสวน  นวนิยายที่ได้รับการตีพิมพ์แล้ว ได้แก่ ต่างเวลา (เคยเป็นละครทางสถานีโทรทัศน์ช่อง 7), ม่านมนตรา, พรุ่งนี้ดาวยังพราวแสง, รอยสาป, กรงอำพราง, เพลิงนาคา, เรือนเวลา (ได้รับคัดเลือกเป็น 1 ใน 100 หนังสือดี นิยายวิทยาศาสตร์), กรงไฟ, เถ้าน้ำค้าง  นอกจากนี้ยังมีรวมเรื่องสั้นอีก 3 เล่ม คือ ละครภูต, ผู้ถูกล่า, ลางมายา'),
(6, 'อรพิม', '“อรพิม” เป็นนักเขียนผู้มีแนวการเขียนหลากหลาย ทั้งนิยายรักอารมณ์ดี เรื่องลึกลับ สืบสวนสอบสวน รวมถึงแนวโรแมนติกแฟนตาซี  ผลงานที่ผ่านมา ได้แก่ มหัศจรรย์สื่อรัก, มยุรมนตรา, มุกเหลี่ยมเพชร, ปมปาริชาต, เพลิงพราย, เล่ห์ร้อยรัก, บัลลังก์รัตติกาล ฯลฯ'),
(7, 'อุมาริการ์', '“อุมาริการ์” เขียนนิยายตั้งแต่อายุสิบเอ็ด เริ่มจากนิยายสั้นในนิตยสาร เช่น ลลนา, แพรว นิยายเรื่องยาวเรื่องแรก คืนฟ้าพร่างดาว ได้รับการตีพิมพ์ในนิตยสาร ดิฉัน จากนั้นมีผลงานกับ สนพ. ประพันธ์สาส์น สามเล่มในนามปากกา “กุมาริกา”\n \nหยุดทำงานเขียนไประยะหนึ่งเพื่อเรียนต่อ และทำงานเป็นโปรแกรมเมอร์อีกห้าปี ในที่สุดพบว่างานที่รักที่สุดคืองานเขียน จึงหันหลังให้แวดวงไอทีแล้วมาศึกษาต่อด้านการเขียน  เคยฝึกอบรมเขียนบทและมีผลงานเขียนบทละครโทรทัศน์ ได้แก่ นางฟ้ากับมาเฟีย, ศัตรูคู่ขวัญ, บุษบาเร่รัก, สองเสน่หา, บอดี้การ์ดแดดเดียว, เสน่ห์รัก...นางซิน ฯลฯ\n \nเขียนบทโทรทัศน์อยู่เจ็ดปี ก็อดคิดถึงวงการน้ำหมึกไม่ได้ จึงกลับมาเขียนหนังสืออีกครั้ง มีทั้งงานโกสต์ไรเตอร์ เรียบเรียงงานเขียนด้านการแพทย์ สารคดีท่องเที่ยว และเขียนนิยายอีกครั้งเมื่อห้าปีก่อน ภายใต้นามปากกา “อุมาริการ์” ตั้งใจจะผลิตผลงานนิยายต่อไปเรื่อยๆ เพราะอยากทำในสิ่งที่มีความสุขที่สุดไปตลอดชีวิต  ผลงานนิยายที่ตีพิมพ์แล้วมี 16 เล่ม ได้แก่ เจ้าบ่าวของบาร์บี้, เพลิงฉิมพลี, กามเทพออกศึก, โหดหื่นหมื่นราตรี, สร้อยสะบันงา, สายลับรุกฆาต, ย้อนศรรัก, แผนลวงบ่วงมารยา, แผนรักพญาเหยี่ยว, แผนร้ายดวงใจพยัคฆ์ ฯลฯ\n \nติดตามข่าวคราวและพูดคุยกับ “อุมาริการ์” ได้ที่เว็บไซต์ http://writer.dek-d.com/umarigar/writer/\nหรือเฟซบุ๊ก http://www.facebook.com/umariga'),
(8, 'ลัลลาบาย', '“ลัลลาบาย” เป็นพนักงานต้อนรับบนเครื่องบินของสายการบินสัญชาติอเมริกันมากว่าสิบสามปี ก่อนจะถอดปีก เก็บเครื่องแบบ เพื่อมาเป็นแม่บ้านและเขียนงานอย่างเต็มตัวเมื่อไม่นานนี้\n \nจุดเริ่มต้นบนถนนนักเขียนคือการโพสต์นิยายลงในเว็บไซต์ต่างๆ เป็นงานอดิเรก แต่ไม่เคยคิดว่างานเขียนของตัวเองจะสามารถนำไปตีพิมพ์ได้ จนกระทั่งได้รับการติดต่อจากบรรณาธิการท่านหนึ่งว่าจะขอต้นฉบับไปตีพิมพ์ ไม่นานก็มีสำนักพิมพ์อีกแห่งติดต่อมาเหมือนกัน ก็เลยเริ่มเอะใจ...หรือว่านิยายของเราพอจะขายได้ พอลงมือเขียนเรื่องใหม่จึงตัดสินใจส่งต้นฉบับไปให้สำนักพิมพ์ซึ่งตนเองชื่นชอบ ผลปรากฏว่าผ่านการพิจารณา ทำให้มีความมั่นใจมากขึ้น นับเป็นก้าวแรกที่จริงจังบนเส้นทางสายนี้\n \nเพราะเติบโตมาในครอบครัวที่รักการอ่าน ทำให้ชอบอ่านนิยายและหนังสือเกือบทุกแนว แต่แนวการเขียนที่ชอบคือ นิยายโรแมนติก ฆาตกรรมสืบสวน เรื่องลี้ลับ รวมทั้งแนวย้อนสมัย\n \nปัจจุบันมีสองนามปากกา คือ “ลัลลาบาย” และ “สวีทพาสเทล” มีผลงานที่ได้รับการตีพิมพ์แล้ว 10 เรื่อง อาทิ บ่วงมลทิน, บ่วงพยัคฆ์, หวานรักปาท่องโก๋, ลิขิตรักโบตั๋น, เพลงดอกปีบ และ สวนรักเรือนนับดาว'),
(9, 'แม่ช้อง', '“แม่ช้อง” เป็นหญิงไทยผู้มีใจรักนิยายโรแมนติก เริ่มเข้าสู่โลกของตัวอักษรโดยอ่านนิยายรักหวานตั้งแต่เรียนชั้นประถมฯ เมื่อถึงขั้นอุดมศึกษาก็ยังไม่วายเลือกเรียนสาขาที่เกี่ยวกับงานวรรณกรรม เพราะใฝ่ฝันอยากจะเขียนนิยายให้ได้เหมือนที่เคยอ่าน จบปริญญาตรีจากคณะอักษรศาสตร์ จุฬาฯ จากนั้นทำงานด้านสิ่งพิมพ์มาโดยตลอด (เพียงแต่ไม่ได้เขียนนิยาย)  ความใฝ่ฝันในวัยเยาว์เริ่มเป็นรูปเป็นร่างเมื่อตัดสินใจวางมือจากงานอาชีพ แล้วเขียนนิยายส่งเข้าประกวดในโครงการนายอินทร์อะวอร์ด ผลงานชิ้นนั้นเข้ารอบสุดท้าย และได้รับพิจารณาตีพิมพ์เป็นนิยายชุด “เกมกลเทพ”  \n \nปัจจุบัน “แม่ช้อง” กำลังมีความสุขกับฝันที่เป็นจริง เธอใช้เวลาส่วนใหญ่ไปกับงานแม่บ้านและอุทิศเวลาที่เหลือทั้งหมดให้แก่งานเขียน ผลงานที่ได้รับการตีพิมพ์แล้ว ได้แก่ เขาหรือใครที่ใจเธอต้องการ, สายใยในดวงดาว, ดั่งสายลม, เกมรักต้องมนตร์, กลสิเน่หา, มายาเทพ, กรงรักเทวทูต  นามปากกาที่ใช้ในงานเขียนคือ “แม่ช้อง” และ “ช้องมาศ”'),
(10, 'มานัส', '“มานัส” เขียนหนังสือเป็นงานอดิเรก โดยเริ่มจากความคิดว่า... “เราทำได้ เราเขียนได้”  \n \nเรียนหนังสือที่เมืองไทยจนถึงชั้นประถมศึกษาปีที่ 3 จากนั้นไปศึกษาต่อและใช้ชีวิตอยู่ที่ต่างประเทศเป็นเวลาเกือบ 20 ปี \n \nจากที่เขียนภาษาไทยไม่คล่องเมื่อสิบปีที่แล้วตอนกลับมาเมืองไทยใหม่ๆ จนถึงปัจจุบันนี้ ได้เขียนนิยายมาแล้ว 4 เรื่อง ได้แก่ ในดวงใจนิรันดร์, หนทางสู่รัก, ฤๅรัก และ เพียงครึ่งใจ  โดยทั้งหมดเป็นการเขียนลงอินเทอร์เน็ต  เรื่องที่ได้รับการตีพิมพ์แล้วคือ ฤๅรัก (ตีพิมพ์เมื่อปี 2553) และล่าสุดเรื่อง เพียงครึ่งใจ'),
(11, 'อยุทธ์', '"อยุทธ์" ใฝ่ฝันอยากเป็นนักวาดการ์ตูน แต่เมื่อถูกคัดค้านจากครอบครัว จึงหันมาบอกเล่าเนื้อหาการ์ตูนที่อยากวาดผ่านตัวหนังสือ ก่อนโยกย้ายไปลงในอินเทอร์เน็ต กระทั่งผลงานต้องตาสำนักพิมพ์และได้รับการตีพิมพ์ในที่สุด งานเขียนส่วนใหญ่เป็นแนวแฟนตาซีเยาวชน รักโรแมนติก รวมทั้งแนวไพรัช แต่ละแนวใช้นามปากกาแตกต่างกันไป เช่น “จิ้ง แมลงปีกแข็ง”, “แมลงปีกแข็ง”, “กรินกรินทร์” ผลงานซึ่งเป็นที่รู้จัก ได้แก่ ทาสรักเสน่หา, Bleeding love (นิยายชาวสีม่วง), แด่ตะวันดวงสุดท้าย ผืนทรายแห่งรัก, อนามิกา และล่าสุด สายสวาท  '),
(12, 'ดวงตะวัน', '');

-- --------------------------------------------------------

--
-- Table structure for table `books`
--

CREATE TABLE IF NOT EXISTS `books` (
  `book_id` int(11) NOT NULL AUTO_INCREMENT,
  `book_name` text,
  `book_name_decor` text,
  `ISBN` text,
  `publish` text,
  `cover_inside` text,
  `total_pages` int(11) DEFAULT NULL,
  `price` double DEFAULT NULL,
  `discount` int(11) DEFAULT NULL,
  `demo_link` text,
  `book_info` text,
  `review` text,
  `cover_img_front` text,
  `cover_img_back` text,
  `author_id` int(11) DEFAULT NULL,
  `series_id` int(11) DEFAULT NULL,
  `category_ids` text,
  PRIMARY KEY (`book_id`)
) ENGINE=InnoDB  DEFAULT CHARSET=utf8 AUTO_INCREMENT=14 ;

--
-- Dumping data for table `books`
--

INSERT INTO `books` (`book_id`, `book_name`, `book_name_decor`, `ISBN`, `publish`, `cover_inside`, `total_pages`, `price`, `discount`, `demo_link`, `book_info`, `review`, `cover_img_front`, `cover_img_back`, `author_id`, `series_id`, `category_ids`) VALUES
(1, 'สายสวาท', '“หนึ่งใจ สองรัก แน่นอนนักมักอันตราย”', '978-616-91582-1-9', 'มีนาคม 2556', 'ปกอ่อน / เนื้อในขาวดำ กระดาษถนอมสายตา', 580, 360, 15, './public/pdf/sai-sawat-demo.pdf', 'นิยายรักที่กะเทาะเบื้องลึกหัวจิตหัวใจมนุษย์ได้อย่างถึงอารมณ์  เคยขึ้นอันดับหนึ่งเว็บ dek-d ที่มีผู้อ่านมากกว่า 6 แสนครั้ง และความเห็นมากกว่า 7,000 ความเห็น\n \nใครจะคิดว่าการช่วยเหลือนักศึกษาเกเรที่โดนคู่อริยำเละข้างถนน จะเป็นจุดเริ่มต้นของ ‘สิ่งดีๆ’ ในชีวิตไปได้...ลลินก็ไม่เคยคิด  โดยเฉพาะเมื่อเธอได้เริ่มต้น ‘สิ่งดีๆ’ นั้นแล้ว กับชายหนุ่มอีกคนที่ถึงพร้อมทั้งฐานะ ชาติตระกูล และ ‘ความรัก’ อย่างที่ผู้หญิงคนหนึ่งจะพึงปรารถนา\nแต่มันก็เป็นไปแล้ว...เป็นไปพร้อมๆ กับที่โลกใบเดิมที่เธอรู้จัก ถล่มล่มลงในพริบตาเมื่อหญิงสาวอีกคนโผล่เข้ามาในชีวิต  ความรักที่เชื่อว่าจริงจัง มั่นคง ไม่มีวันผันแปร  เลือนหายคล้ายไม่มีอยู่จริง  ที่เหลืออยู่ตรงหน้าคือลูกชายหนึ่งคน กับหนุ่มน้อยที่ยังไม่พ้นสถานะนักศึกษามหาวิทยาลัย\nเพื่ออนาคตของลูกชาย ลลินฉุดตัวเองขึ้นจากหลุมดำของความรักครั้งเก่า เดินหน้าสู่ชีวิตใหม่ โดยมีมือแข็งแรงของหนุ่มน้อยนัยน์ตาสีเทา ท่าทางเจนโลกกว่าเธอหลายเท่า คอยเป็นพี่เลี้ยง\nไม่น่าเชื่อว่ามันจะสำเร็จ หากมันก็เป็นไปแล้ว...เป็นไปราวกับพระเจ้าให้รางวัลปลอบโยนหัวใจ\nชีวิตควรเดินหน้าไป ไม่ถอยหลัง  บทเรียนในอดีตบอกลลินเช่นนั้น\nหากแต่เยื่อใยสายสวาทยังไม่สิ้น...จะผิดไหม ถ้าเธอจะย้อนกลับไปสะสางอดีต เพื่อเริ่มต้นใหม่อีกครั้ง?', '“Bird Chanthorn” http://www.facebook.com/photo.php?fbid=10151356813856017&set=a.10150236639696017.315925.514201016&type=1&theater\n \n“ฟ้าใส ในเงาจันทร์”\nhttp://www.bloggang.com/mainblog.php?id=morning-mo&month=30-03-2013&group=2&gblog=5\n \n“Wiifen PJ”\nhttp://www.facebook.com/photo.php?fbid=10151366782516128&set=o.155438994604430&type=1&theater\n \n“kunaom”\nhttp://www.bloggang.com/viewblog.php?id=kunaom&date=09-04-2013&group=3&gblog=5\n \n"อุ้มสม"\nhttp://www.bloggang.com/viewdiary.php?id=aumsom&month=04-2013&date=09&group=1&gblog=68', 'public/img/books/cover-sai-sawat-Final-Front.jpg', './public/img/books/cover-sai-sawat-Final-Back.jpg', 11, 3, '6'),
(2, 'บ้านตุ๊กตา', '“จัดวางหัวใจ...ไว้ใกล้ๆ ความรัก”', '978-616-91582-2-6', 'มีนาคม 2556', 'ปกอ่อน / เนื้อในขาวดำ กระดาษถนอมสายตา', 472, 320, 15, './public/pdf/bantukta-demo.pdf', 'ศิรัณย์ : นักเขียนนิยายพาฝันที่ใช้ชีวิตอยู่ร่วมบ้านกับยักษ์--เพื่อนรักซึ่งเป็นนักเขียนสารคดี เช้าวันหนึ่งเขาพบหญิงสาวความจำเสื่อมนอนอยู่ในโรงรถ หล่อนจำอะไรไม่ได้เลย ทั้งเนื้อทั้งตัวมีเพียงกระเป๋าเสื้อผ้า เงินหนึ่งหมื่นบาท และตุ๊กตาหนึ่งตัว หลังพยายามถามไถ่และหว่านล้อมให้ไปจากบ้านของเขาไม่เป็นผลสำเร็จ ศิรัณย์ใจอ่อนยอมให้หล่อนอยู่ร่วมบ้านด้วยสองวัน เขาเรียกหล่อนว่า...ตุ๊กตา\n \nยุกติ : ชายหนุ่มมองเห็นปัญหาที่จะตามมาหากรับหญิงสาวความจำเสื่อมให้อยู่ร่วมบ้านด้วยไม่ว่าจะกี่วันก็ตาม แต่เขาก็ใจไม่แข็งพอที่จะไล่หล่อนออกไป ทว่าการมีหญิงสาวอีกคนมาอยู่ร่วมบ้านด้วยก็ไม่ใช่เรื่องง่ายเลย ชีวิตในซอยทองคำสิบเอ็ดมีเรื่องชวนปวดหัวมากพออยู่แล้ว ทั้งอาม่าจอมสอดรู้สอดเห็น เพื่อนบ้านเห็นแก่ตัว แม่บ้านสุดเนี้ยบ ยังจะเรื่องราวของสาวข้างบ้านที่เพื่อนของเขาหลงรัก และไหนจะงานสารคดีที่เขาจะเขียนส่งประกวดอีกล่ะ\n \nตุ๊กตา : สิ่งเดียวที่หญิงสาวจำได้ คือบางข้อความในหนังสือนิยายของศิรัณย์ “การพบกันครั้งแรกของคนสองคนอาจเป็นความบังเอิญ การพบกันครั้งต่อมาอาจเป็นเรื่องของโชคชะตาหรือคนบนฟ้าส่งสัญญาณบางอย่างบอกเรา ให้เราลงมือทำอะไรสักอย่างเพื่อที่จะได้พบเจอใครคนนั้นอีกเป็นครั้งที่สาม ที่สี่ ...ได้พบ ได้รัก และได้อยู่ด้วยกันไปตลอดกาล”', '', './public/img/books/cover-bantukta-Final-Front.jpg', './public/img/books/cover-bantukta-Final-Back.jpg', 12, 2, '3 5'),
(6, 'บัลลังก์รัตติกาล', '“สืบเสาะตัวตน ค้นหาหัวใจ ในดินแดนแห่งเสือ”', '978-616-91582-0-2', 'มีนาคม 2556', 'ปกอ่อน / เนื้อในขาวดำ กระดาษถนอมสายตา', 488, 320, 15, './public/pdf/bunlung-demo.pdf', 'นิยายรักเหนือจินตนาการเรื่องล่าสุดของ “อรพิม” นักเขียนเจ้าของผลงาน มุกเหลี่ยมเพชร, เพลิงพราย และ เล่ห์ร้อยรัก ที่เคยเป็นละครทางสถานีโทรทัศน์ช่อง 3\nนวนิยายโรแมนติกแฟนตาซีอันเปี่ยมด้วยจินตนาการและปมเงื่อน ทั้งยังเป็นนิยายรักที่ขับเน้นความสัมพันธ์แสนหวานของคู่พระนาง ที่ผู้อ่านจะได้อมยิ้มเป็นระยะ และอิ่มเอมใจเมื่อเหตุการณ์ดำเนินถึงบทสุดท้าย\nว่าด้วยเรื่องราวของ “รัตตินคร” เมืองในมิติคู่ขนานกับโลกมนุษย์ นครลึกลับที่มีแต่ความมืด มีพระจันทร์สองดวง และชาวเมืองสามารถกลายร่างเป็นเสือได้!   \n \nรัชนิศเป็นตำรวจสาวในโลกมนุษย์ เธอเป็นเด็กกำพร้าที่ไม่รู้ชาติกำเนิด สิ่งเดียวที่ติดตัวมาด้วยตอนเก้าขวบคือแผลเป็นที่กลางหลัง วันที่รัชนิศตื่นขึ้นมาในสภาพเปลือยเปล่า มือสองข้างเต็มไปด้วยเลือดที่ไม่รู้ที่มา เป็นวันที่ทำให้ชีวิตของตำรวจสาวไม่เหมือนเดิมอีกต่อไป โดยเฉพาะอย่างยิ่ง เมื่อเกิดเหตุฆาตกรรมสองรายซ้อนที่เหยื่อเสียชีวิตเพราะถูกเสือทำร้าย ทำให้หล่อนต้องออกไล่ล่าจนได้เผชิญหน้ากับเสือดาวตัวหนึ่ง ...นาทีนั้น หล่อนรู้สึกถึงพลังบางอย่างในร่างตัวเอง พลังรุนแรงที่กระตุ้นให้หล่อนกระหายเลือด  ...เท่านั้นไม่พอ ยังมีชายลึกลับที่มีใบหน้าเหมือนหล่อนราวกับพิมพ์เดียวกันมาให้ข้อมูลอันน่าตะลึงอีกว่า แท้จริงแล้วหล่อนเป็นชาวรัตตินคร…นครที่ชาวเมืองสามารถกลายร่างเป็นเสือได้ ! ...รัชนิศจำต้องเดินทางไปรัตตินครเพื่อหาทางควบคุมพลังเสือในร่าง แต่เมื่อไปถึง หล่อนกลับต้องสวมรอยเป็นองครักษ์ประจำตัวเจ้าชายรูปงามแห่งรัตตินคร และมีเหตุให้เข้าไปพัวพันกับแผนล้มล้างราชบัลลังก์กษัตริย์รัตตินคร …ปริศนาชายหนุ่มผู้มีใบหน้าเหมือนหล่อนราวกับคู่แฝด แผลเป็นกลางหลังที่ติดตัวหล่อนมาแต่เด็ก ตลอดจนปัญหาฆาตกรรมต่อเนื่องในรัตตินคร กำลังรอให้หล่อนค้นหาคำตอบ  ...และที่นี่ เธอได้รู้จักชายผู้เป็นจ้าวหัวใจของเธอในเวลาต่อมา', '"อุ้มสม"\nhttp://www.bloggang.com/viewdiary.php?id=aumsom&month=04-2013&date=10&group=1&gblog=69', './public/img/books/cover-bunlung-Final-Front.jpg', './public/img/books/cover-bunlung-Final-Back.jpg', 6, 3, '3 4'),
(7, 'อาคม', 'เสน่หา มนตรา พยาบาท', '9786169158264', 'กันยายน 2556', 'ปกอ่อน / เนื้อในขาวดำ กระดาษถนอมสายตา', 488, 320, 15, './public/pdf/4-demo.pdf', 'นวนิยายแนวลึกลับ สืบสวน ที่มีเนื้อหาหลากหลายรสชาติ ซ่อนเงื่อนปมชวนติดตาม และสอดแทรกข้อคิดเอาไว้อย่างกลมกลืน\n \nเพราะกฎแห่งกรรมทำงานช้า เขาจึงต้องออกไล่ล่าด้วยตัวเอง\n \nผลชันสูตรศพมาเฟียรายใหญ่ที่ขัดแย้งกับลักษณะอาการก่อนตายอย่างน่าพิศวง ดึงให้ เอื้อกานต์ คุณหมอสาวผู้มีสัมผัสพิเศษ และ ทีเกื้อ นายตำรวจหนุ่ม น้องชายฝาแฝด ก้าวเข้าสู่เส้นทางอันมืดดำอำมหิตของการแก้แค้นโดยไม่ทันตั้งตัว\n \nคำสั่งลับจากสำนักงานตำรวจฯ ที่ตกมาถึง ทำให้ทีเกื้อได้รู้ว่าการตายอย่างแปลกประหลาดนี้มิใช่เพิ่งเกิดขึ้นครั้งแรก  หากก่อนหน้านี้ยังมีบุคคลสำคัญที่เกี่ยวพันกับพรรคแกนนำรัฐบาลอีกสามรายเสียชีวิตในลักษณะใกล้เคียงและในช่วงเวลาไล่เลี่ยกัน   ทีมสืบสวนพิเศษจึงถูกจัดตั้งขึ้นเพื่อดูแล ‘วีไอพี’ ที่อยู่ในกลุ่มเสี่ยง และติดตามค้นหาผู้ที่อยู่เบื้องหลังการตายที่ดูคล้ายการฆาตกรรมต่อเนื่องนี้\n \nสัมผัสพิเศษ รวมทั้งความช่วยเหลือจากพี่สาวฝาแฝด ทำให้ทีเกื้อมั่นใจว่า ‘อาวุธ’ ที่คนร้ายใช้สังหารเหยื่อ คือ ‘อาคม’ อันลึกล้ำและมีพลังแรงกล้า  เหยื่อแต่ละรายจึงถูกปลิดชีวิตอย่างโหดเหี้ยมโดยไร้ร่องรอยหลักฐานใดๆ ที่จะสาวถึงตัวคนร้าย  ทว่า...ต่อให้รู้ตัว รู้หน้า ก็ใช่ว่าใครจะหาญกล้าต่อกรกับฆาตกรอาคมเช่นนี้ได้  \n \nเหนืออื่นใด ยิ่งสืบสาวลงลึก เขาก็ยิ่งพบว่ามือสังหารลึกลับวนเวียนใกล้ตัวเข้ามาทุกที  นายตำรวจหนุ่มจะทำเช่นไร เมื่อเป้าหมายรายต่อไป คือคนสำคัญที่มีความหมายต่อหัวใจซึ่งเขาอาจยอมแลกได้ทั้งชีวิต!', '', './public/img/books/4-front.png', './public/img/books/4-back.png', 5, 3, '7 8'),
(8, 'เพรงรัตติกาล', 'ย้อนเวลา ทวงหารัก', '9786169158288', 'กันยายน 2556', 'ปกอ่อน / เนื้อในขาวดำ กระดาษถนอมสายตา', 424, 290, 15, './public/pdf/5-demo.pdf', 'นวนิยายที่มีตัวละครสืบเนื่องจาก บัลลังก์รัตติกาล ผลงานเล่มล่าสุดของ อรพิม ซึ่งจะนำผู้อ่านก้าวเข้าสู่โลกแห่งความฝันและจินตนาการอันน่าประทับใจอีกครั้ง\n \nแม้จะรู้ว่ามนุษย์มีโชคชะตาเป็นของตนเอง แต่ในแวบหนึ่งเราก็อดคิดไม่ได้ว่า คงจะดีสินะ...ถ้าเราได้มีโอกาสย้อนกลับไปแก้ไขเรื่องราวในอดีต บางทีเราอาจได้สมหวังในสิ่งที่ปรารถนา\n \nนิศาแอบหลงรักเจ้าชายศิขรมาตั้งแต่เด็ก แต่ไม่ว่าจะทำอย่างไร อีกฝ่ายก็ไม่ยอมรับรัก เพราะหัวใจรักของเขาถูกผนึกติดตรึงอยู่กับผู้หญิงคนหนึ่งในอดีต\n \nเมื่อได้ข่าวว่าราชาเมฆินทร์มีรับสั่งให้เจ้าชายศิขรเข้าพิธีอภิเษกสมรส หล่อนจึงทนไม่ได้ ต้องหาทางขัดขวาง และสิ่งที่คิดได้คือ หาทางแก้ปมในใจของเจ้าชายด้วยการย้อนเวลากลับไปสืบประวัติผู้หญิงที่ทรงหลงรัก เพื่อให้เจ้าชายผู้เย็นชายิ่งกว่าน้ำแข็งขั้วโลก ยอมเปิดใจรับรักจากหล่อนบ้าง  \n \nหล่อนจึงใช้เขี้ยวเสือเปิดประตูมิติเวลา ย้อนกลับไปในอดีตเมื่อ ๒๐ ปีก่อน  ทว่าอาจเป็นหล่อนเองที่ทำให้เรื่องทุกอย่างพลิกผันเกินกว่าใครจะคาดคิด กว่าจะรู้แจ้งแก่ใจว่า หัวใจรักที่ตนมุ่งมาดปรารถนาเป็นเรื่องของพรหมลิขิตและโชคชะตาที่ไม่ว่าใครก็มิอาจต้านทาน...', '', './public/img/books/5-front.png', './public/img/books/5-back.png', 6, 3, '3 4'),
(10, 'หิมาลัยสุดสายรุ้ง', 'สุดสายรุ้งคือหิมาลัย สุดสายใจคือเธอ', '9786169158295', 'ตุลาคม 2556', 'ปกอ่อน / เนื้อในขาวดำ กระดาษถนอมสายตา', 368, 260, 15, './public/pdf/6-demo.pdf', 'ในอ้อมโอบแห่งเทือกเขาหิมาลัยอันไพศาล ห่างไกลจากราชอาณาจักรภูฏานเพียงแค่เขาสูงเป็นกำแพงกั้น ยังมีดินแดนหนึ่งซ่อนตัวอยู่อย่างเงียบเชียบ หลบเร้นจากสายตาชาวโลกจนไม่มีใครรู้จักนาม...นครรัฐโภฑาน\n \nนี่คือที่ซึ่งคนสองคนผู้อยู่ห่างไกลคนละสุดปลายสายรุ้งได้มาพบกัน  หนึ่งนั้นคือ ชายหนุ่มชาวโภฑาน นายทหารผู้พิทักษ์พระอารามหลวง  อีกหนึ่งนั้นคือ อาสาสมัครสาวชาวไทยที่เดินทางมาช่วยควบคุมการคัดลอกพระคัมภีร์อันศักดิ์สิทธิ์  \n \nงานซึ่งไม่เพียงทำให้เธอได้เดินทางไปยังดินแดนห่างไกลแสนสวยงาม พบเจอผู้คนซึ่งมีวิธีคิดและวิถีชีวิตที่แตกต่าง  หากยังทำให้เธอค้นพบบางสิ่งบางอย่างในหัวใจตัวเองอีกด้วย  \n \nประสบการณ์จริงในการเดินทางไปเยือนภูฏานของ “แม่ช้อง” นักเขียนซึ่งเคยมีผลงานตีพิมพ์มาแล้วเจ็ดเรื่อง ทำให้ หิมาลัยสุดสายรุ้ง ผลงานชิ้นเยี่ยมเรื่องล่าสุดของเธอ โดดเด่นด้วยฉากอันงดงาม ทั้งยังลึกซึ้งด้วยความคิดคมคายอันเป็นรากฐานความเชื่อมั่นศรัทธาของผู้คนในแถบถิ่นนี้  เมื่อผสานเข้ากับกลวิธีเล่าเรื่องที่มีชั้นเชิง จึงทำให้นิยายเรื่องนี้มีความน่าสนใจ ชวนอ่าน และน่าติดตาม', '', './public/img/books/6-front.png', './public/img/books/6-back.png', 9, 3, '3'),
(11, 'เพียงครึ่งใจ', 'รออีกซีกใจ ให้เธอเติมเต็ม', '9786167838021', 'ตุลาคม 2556', 'ปกอ่อน / เนื้อในขาวดำ กระดาษถนอมสายตา', 400, 270, 15, './public/pdf/7-demo.pdf', 'อนรรฆอยากคิดว่าเป็นอุบัติเหตุชีวิต ที่ทำให้เขาได้มาเจอเธอ...สาวน้อยหน้าคม สวยแปลกตา ทว่ากระมอมกระแมม  หญิงสาวที่น่าสนใจ ชวนให้สงสัย...และสงสาร  เพราะเจ้าหล่อนเหมือนถูกจับโยนมานั่งข้างเขาบนที่นั่งชั้นธุรกิจของเครื่องบินโดยสาร เที่ยวบินกรุงเทพฯ-สิงคโปร์\n \nทั้งที่พยายามจะมองเป็นเพียง ‘คนนั่งข้างๆ’  แต่ท่าทีเงอะงะ กระวนกระวาย และดวงตาใสที่บอกชัดทุกความรู้สึก กลับทำให้เขาไม่อาจปล่อยผ่าน  \n \nหากใครจะคาดคิด...เพียงเผลอไผลไปนิด ชีวิตและหัวใจจะเปลี่ยน  ไม่มีอะไรเหมือนเดิมอีกแล้วสำหรับเขา นับจากวันที่เธอก้าวเข้ามา...และจากไป  หัวใจคล้ายเหลือเพียงครึ่ง ด้วยอีกซีกใจโบยบินหายลับ\n \nทว่าก่อนที่มันจะฟุบฝ่อ  อุบัติเหตุชีวิต...หรือที่ใครอาจเรียกว่าโชคชะตา ก็ชักนำเธอกลับมาอยู่ตรงหน้าเขาอีกครั้ง\n \nซีกใจที่แหว่งเว้า...จะถูกเติมเต็มด้วยหัวใจ หรือปล่อยไว้เป็นธุระของคนบนฟ้า\nคงมีเพียงเธอและเขาเท่านั้นที่รู้', '', './public/img/books/7-front.png', './public/img/books/7-back.png', 10, 3, '3'),
(12, 'ต้องฤทธิ์รัก', 'บ้านผีสิง หญิงชุดดำ และ...เอิ่ม...หนุ่มล่ำซิกซ์แพ็ก', '9786167838038', 'ตุลาคม 2556', 'ปกอ่อน / เนื้อในขาวดำ กระดาษถนอมสายตา', 416, 280, 15, './public/pdf/8-demo.pdf', 'ผลงานนิยายหนึ่งในห้าเรื่องที่ได้รับการคัดเลือกจากการประกวดพลอตเพื่อเข้าร่วมในซีรีส์ชุด “บ้านน้อยซอยเดียวกัน”   ในที่สุด...ชาวซอยทองคำสิบเอ็ดก็มีเพื่อนบ้านคนใหม่ย้ายมาอยู่ด้วย แต่เธอมาพร้อมกับข่าวฆาตกรโรคจิตมือสับออกอาละวาดในชุมชน! ทุกคนเลยสงสัยว่าหญิงสาวที่เพิ่งเข้ามาอยู่ในเรือนหอร้างเป็นใครกันแน่  ปอบหยิบ...แม่มด...หรือ...ฆาตกรโรคจิตนักหั่นศพ!   ต้องรัก เป็นหญิงสาวธรรมดาที่มีอาชีพไม่ธรรมดา เลยมีลูกนัยน์ตา แขน ขา ไปถึงหัวปลอมโชกเลือด เป็นของแต่งบ้าน และเรื่องนี้คงไม่ใช่ปัญหา ถ้าเธออยู่คนเดียว  แต่จู่ๆ ต้องรักก็มี พันฤทธิ์ ชายหนุ่มผู้ลึกลับมาเป็นเพื่อนร่วมบ้านอย่างไม่รู้เนื้อรู้ตัว เขามาพร้อมกับแผงอกหนั่นแน่นและซิกซ์แพ็กละลายใจที่ทำให้เธอใจละลาย แต่พฤติกรรมของชายหนุ่มทำให้หญิงสาวสงสัยว่าเขาเป็นใครกันแน่ นักข่าว (ที่จะทำชีวิตเธอพัง) หรือ...ไอ้โรคจิต (ที่รอสับเธอเป็นท่อนๆ)   ต้องรักควรจะทำอย่างไรกับพันฤทธิ์ดี   ๑. เล่นงานเขาจนสลบ แล้วจับมาเป็นแบบหล่อหุ่นอย่างที่ฝันไว้เป็นอย่างแรก ๒. เป็นแฟนกันก่อน เรื่องอื่นช่างมัน เพราะเธอ ‘ต้องฤทธิ์รัก’ เข้าให้แล้ว ๓. ตามล่าหาความจริงของเขาให้ได้   ๔.  ถูกทุกข้อ', '', './public/img/books/8-front.png', './public/img/books/8-back.png', 7, 2, '3 5'),
(13, 'หัวใจล้อมรัก', 'ก่อรั้วรักเป็นปราการใจ', '9786167838120', 'ธันวาคม 2556', 'ปกอ่อน / เนื้อในขาวดำ กระดาษถนอมสายตา', 312, 230, 15, './public/pdf/9-demo.pdf', 'ผลงานนิยายหนึ่งในห้าเรื่องที่ได้รับการคัดเลือกจากการประกวดพลอตเพื่อเข้าร่วมในซีรีส์ชุด “บ้านน้อยซอยเดียวกัน”\n \nที่จริงเพื่อนบ้านคนใหม่ในซอยทองคำสิบเอ็ดไม่น่าจะเกี่ยวอะไรกับล้อมรัก ในเมื่อเธออยู่ซอยทองคำสิบสาม  แต่จะเพราะใช้รั้วหลังบ้านร่วมกัน นิสัยชอบผูกสัมพันธ์กับชาวบ้าน หรือทัศนคติแบบสาว ‘โลกสวย’ ก็ไม่รู้ได้ ทำให้หญิงสาวด้นดั้นพาตัวเองไปรู้จักเขา ชลัมพุ...เจ้าของบ้านหลังใหม่บนที่ดินฝั่งขวามือของซอยทองคำสิบเอ็ด ชายหนุ่มผู้ซึ่งแสดงออกชัดเจนว่าไม่อยากคบใคร มีโลกส่วนตัวสูง\n \nสายตาคมดุ สีหน้าบึ้งตึงเฉยชา ไม่แยแสโลก รวมทั้งกำแพงที่เขาสร้างขึ้นล้อมกรอบตัวเอง เกือบทำให้หญิงสาวถอดใจและถอยทัพ  หากใครจะเชื่อ ในยามที่ ‘โลกสวย’ ของล้อมรักมีเงาดำทาบทา บ้านหลังใหญ่ที่เธออาศัยอยู่เพียงลำพัง กลายเป็นเป้าโจมตีของมือละเลงเลือด เพื่อนบ้านมากมีน้ำใจในชุมชนซอยทองคำต่างหลบลี้หนีหน้า คนที่ยื่นมือเข้ามากลับเป็นเพื่อน (หลัง) บ้าน...คนที่ปฏิเสธเธอมาแต่ต้น\n \nน้ำใจที่หยิบยื่นให้คืนกลับมาเป็นมิตรภาพ หรือแท้จริงแล้วเพื่อนบ้านคนใหม่คือคนที่อยู่เบื้องหลังเรื่องร้ายที่อุบัติขึ้นอีกครั้งในชุมชนซอยทองคำ?', '', './public/img/books/9-front.png', './public/img/books/9-back.png', 8, 2, '3');

-- --------------------------------------------------------

--
-- Table structure for table `bookscategories`
--

CREATE TABLE IF NOT EXISTS `bookscategories` (
  `bc_id` int(11) NOT NULL AUTO_INCREMENT,
  `book_id` int(11) DEFAULT NULL,
  `category_id` int(11) DEFAULT NULL,
  PRIMARY KEY (`bc_id`)
) ENGINE=InnoDB DEFAULT CHARSET=utf8 AUTO_INCREMENT=1 ;

-- --------------------------------------------------------

--
-- Table structure for table `bookshelves`
--

CREATE TABLE IF NOT EXISTS `bookshelves` (
  `bookshelf_id` int(11) NOT NULL AUTO_INCREMENT,
  `book_id` int(11) DEFAULT NULL,
  `type` int(11) DEFAULT NULL,
  `book_order` int(11) DEFAULT NULL,
  `new_release_order` int(11) DEFAULT NULL,
  PRIMARY KEY (`bookshelf_id`)
) ENGINE=InnoDB  DEFAULT CHARSET=utf8 AUTO_INCREMENT=10 ;

--
-- Dumping data for table `bookshelves`
--

INSERT INTO `bookshelves` (`bookshelf_id`, `book_id`, `type`, `book_order`, `new_release_order`) VALUES
(1, 1, 0, 1, 8),
(2, 2, 0, 2, 7),
(3, 6, 0, 3, 2),
(4, 7, 0, 4, 5),
(5, 8, 0, 5, 4),
(6, 10, 0, 6, 3),
(7, 11, 1, 7, 3),
(8, 12, 1, 8, 2),
(9, 13, 1, 9, 2);

-- --------------------------------------------------------

--
-- Table structure for table `categories`
--

CREATE TABLE IF NOT EXISTS `categories` (
  `category_id` int(11) NOT NULL AUTO_INCREMENT,
  `category_name` text,
  PRIMARY KEY (`category_id`)
) ENGINE=InnoDB  DEFAULT CHARSET=utf8 AUTO_INCREMENT=9 ;

--
-- Dumping data for table `categories`
--

INSERT INTO `categories` (`category_id`, `category_name`) VALUES
(3, 'โรแมนติก'),
(4, 'แฟนตาซี'),
(5, 'คอเมดี้'),
(6, 'ดราม่า'),
(7, 'ลึกลับ'),
(8, 'สืบสวน');

-- --------------------------------------------------------

--
-- Table structure for table `groups`
--

CREATE TABLE IF NOT EXISTS `groups` (
  `id` mediumint(8) unsigned NOT NULL AUTO_INCREMENT,
  `name` varchar(20) CHARACTER SET utf8 NOT NULL,
  `description` varchar(100) CHARACTER SET utf8 NOT NULL,
  PRIMARY KEY (`id`)
) ENGINE=InnoDB  DEFAULT CHARSET=utf8 COLLATE=utf8_unicode_ci AUTO_INCREMENT=3 ;

--
-- Dumping data for table `groups`
--

INSERT INTO `groups` (`id`, `name`, `description`) VALUES
(1, 'admin', 'Administrator'),
(2, 'members', 'General User');

-- --------------------------------------------------------

--
-- Table structure for table `home`
--

CREATE TABLE IF NOT EXISTS `home` (
  `id` int(11) NOT NULL AUTO_INCREMENT,
  `order` int(11) NOT NULL,
  `banner_desktop` text CHARACTER SET latin1 NOT NULL,
  `banner_mobile` text CHARACTER SET latin1 NOT NULL,
  `heading` text CHARACTER SET latin1,
  `detail` text CHARACTER SET latin1,
  `text_desktop` bit(1) DEFAULT NULL,
  `text_mobile` bit(1) DEFAULT NULL,
  PRIMARY KEY (`id`)
) ENGINE=MyISAM  DEFAULT CHARSET=utf8 COLLATE=utf8_unicode_ci AUTO_INCREMENT=4 ;

--
-- Dumping data for table `home`
--

INSERT INTO `home` (`id`, `order`, `banner_desktop`, `banner_mobile`, `heading`, `detail`, `text_desktop`, `text_mobile`) VALUES
(1, 1, 'assets/img/hom/ex-carousel-1.jgp', 'assets/img/home/ex-carousel-1.jpg', 'Heading 1', 'Detail 1', b'0', b'0'),
(2, 2, 'assets/img/hom/ex-carousel-2.jgp', 'assets/img/home/ex-carousel-2.jpg', 'Heading 2', 'Detail 2 >w<', b'0', b'0'),
(3, 3, 'gg', 'gg', 'gg', 'gg', b'0', b'0');

-- --------------------------------------------------------

--
-- Table structure for table `join_us`
--

CREATE TABLE IF NOT EXISTS `join_us` (
  `id` int(11) NOT NULL AUTO_INCREMENT,
  `thumbnail_img` text CHARACTER SET tis620 NOT NULL,
  `heading` text CHARACTER SET tis620 NOT NULL,
  `detail` longtext CHARACTER SET tis620 NOT NULL,
  `order` int(11) NOT NULL,
  PRIMARY KEY (`id`)
) ENGINE=MyISAM  DEFAULT CHARSET=utf8 COLLATE=utf8_unicode_ci AUTO_INCREMENT=16 ;

--
-- Dumping data for table `join_us`
--

INSERT INTO `join_us` (`id`, `thumbnail_img`, `heading`, `detail`, `order`) VALUES
(10, './public/img/thumbnails/thumbnail.png', 'หลักเกณฑ์การรับต้นฉบับของสำนักพิมพ์คำต่อคำ', 'สำนักพิมพ์คำต่อคำยินดีพิจารณาต้นฉบับนวนิยายจากนักเขียนทุกท่าน โดยในช่วงปีแรกขอรับต้นฉบับเฉพาะนิยายรัก (ไม่จำกัดแนว ได้ทั้งโรแมนติก ดราม่า คอมเมดี้ แฟนตาซี กุ๊กกิ๊ก ใสๆ ชิงไหวชิงพริบ ชิงรักหักสวาท ย้อนยุค สืบสวนสอบสวน แอ็กชั่น ลึกลับ สยองขวัญ ทริลเลอร์ ไซไฟ ซาตาน โรมานซ์ 18+ ที่เน้นฟิลลิ่ง แอ็กติ้งอย่าเยอะ ฯลฯ และไม่จำกัดภูมิประเทศ เช่น ทะเลทราย ทุ่งหญ้า ป่าเขา ฯลฯ) แต่ไม่รับแนว ?วรรณกรรมเยาวชนแฟนตาซี?\n \nเรื่องที่ส่งต้องเป็นต้นฉบับที่จบสมบูรณ์แล้ว (ไม่รับพิจารณาพล็อต) ไม่เคยจำหน่ายมาก่อนทั้งในรูปสิ่งพิมพ์หรือ e-book เป็นผลงานที่สร้างสรรค์ขึ้นเอง ไม่ได้คัดลอก หรือลอกเลียนแบบมาจากผลงานของผู้อื่น ทั้งในด้านลักษณะเด่นของตัวละครและโครงเรื่อง ต้นฉบับมีความยาวมากกว่า 150 หน้า A4 ขึ้นไป (ตัวอักษร Angsana new ขนาด 14 pt.) ต้องมีเรื่องย่อความยาว 2-4 หน้าแนบมาด้วย (เรื่องย่อมีความสำคัญมากต่อการพิจารณา นักเขียนพึงใส่ใจในการเขียนเรื่องย่อให้ดึงดูดชวนอ่าน) พร้อมประวัติส่วนตัวและรายชื่อผลงานนิยายที่เคยตีพิมพ์ (ถ้ามี)\n \nส่งต้นฉบับถึงสำนักพิมพ์ทางอีเมล wordforwordbooks@gmail.com โดยตั้งชื่อ subject อีเมลว่า "ส่งต้นฉบับให้พิจารณา : เรื่อง..............." (ใส่ชื่อนิยาย)  อีเมลหนึ่งฉบับ ต่อต้นฉบับหนึ่งเรื่อง\n \nไม่มีกำหนดระยะเวลาสิ้นสุดการรับต้นฉบับ บรรณาธิการจะแจ้งผลให้ทราบภายใน 3 เดือน\n \nต้นฉบับทุกเรื่องที่ได้รับการตีพิมพ์ สำนักพิมพ์มีระบบการจ่ายค่าลิขสิทธิ์ที่เป็นมาตรฐาน ให้ผลประโยชน์สูงสุดแก่นักเขียน ดังนี้\n- จำนวนพิมพ์ที่ 1-5,000 เล่ม ค่าลิขสิทธิ์อัตราร้อยละ 10 ของราคาปกคูณด้วยจำนวนพิมพ์\n- จำนวนพิมพ์ที่ 5,001-10,000 เล่ม ค่าลิขสิทธิ์อัตราร้อยละ 12 ของราคาปกคูณด้วยจำนวนพิมพ์\n- จำนวนพิมพ์ที่ 10,001 เล่ม ขึ้นไป ค่าลิขสิทธิ์อัตราร้อยละ 15 ของราคาปกคูณด้วยจำนวนพิมพ์\nทั้งนี้นักเขียนจะต้องเสียภาษี ณ ที่จ่ายตามกฎหมายในอัตรา 5 % ของค่าลิขสิทธิ์ที่ได้รับ (เช่นถ้าได้รับค่าลิขสิทธิ์ 90,000 บาท จะเสียภาษี 4,500 บาท) และสำนักพิมพ์จะชำระค่าลิขสิทธิ์ให้ภายใน 30 วัน นับแต่วันที่หนังสือพิมพ์แล้วเสร็จ', 1),
(15, './public/img/thumbnails/thumbnail.png', 'helloooooooooowtfhellooooooooooowtfhellooooooooooowtfhellooooooooooo wtf', 'eieiasdf', 2);

-- --------------------------------------------------------

--
-- Table structure for table `login_attempts`
--

CREATE TABLE IF NOT EXISTS `login_attempts` (
  `id` int(11) unsigned NOT NULL AUTO_INCREMENT,
  `ip_address` varbinary(16) NOT NULL,
  `login` varchar(100) NOT NULL,
  `time` int(11) unsigned DEFAULT NULL,
  PRIMARY KEY (`id`)
) ENGINE=InnoDB DEFAULT CHARSET=utf8 AUTO_INCREMENT=1 ;

-- --------------------------------------------------------

--
-- Table structure for table `news`
--

CREATE TABLE IF NOT EXISTS `news` (
  `id` int(11) NOT NULL AUTO_INCREMENT,
  `thumbnail_img` text CHARACTER SET latin1 NOT NULL,
  `heading` text CHARACTER SET latin1,
  `detail` longtext CHARACTER SET latin1,
  `order` int(11) NOT NULL,
  PRIMARY KEY (`id`)
) ENGINE=MyISAM  DEFAULT CHARSET=utf8 COLLATE=utf8_unicode_ci AUTO_INCREMENT=5 ;

--
-- Dumping data for table `news`
--

INSERT INTO `news` (`id`, `thumbnail_img`, `heading`, `detail`, `order`) VALUES
(1, 'test', 'test', 'test', 1),
(3, 'test', 'test', 'test', 2);

-- --------------------------------------------------------

--
-- Table structure for table `series`
--

CREATE TABLE IF NOT EXISTS `series` (
  `series_id` int(11) NOT NULL AUTO_INCREMENT,
  `series_name` text,
  `series_info` text,
  PRIMARY KEY (`series_id`)
) ENGINE=InnoDB  DEFAULT CHARSET=utf8 AUTO_INCREMENT=4 ;

--
-- Dumping data for table `series`
--

INSERT INTO `series` (`series_id`, `series_name`, `series_info`) VALUES
(2, 'บ้านน้อยซอยเดียวกัน', ''),
(3, '-', '');

-- --------------------------------------------------------

--
-- Table structure for table `users`
--

CREATE TABLE IF NOT EXISTS `users` (
  `id` int(11) unsigned NOT NULL AUTO_INCREMENT,
  `ip_address` varbinary(16) NOT NULL,
  `username` varchar(100) NOT NULL,
  `password` varchar(80) NOT NULL,
  `salt` varchar(40) DEFAULT NULL,
  `email` varchar(100) NOT NULL,
  `activation_code` varchar(40) DEFAULT NULL,
  `forgotten_password_code` varchar(40) DEFAULT NULL,
  `forgotten_password_time` int(11) unsigned DEFAULT NULL,
  `remember_code` varchar(40) DEFAULT NULL,
  `created_on` int(11) unsigned NOT NULL,
  `last_login` int(11) unsigned DEFAULT NULL,
  `active` tinyint(1) unsigned DEFAULT NULL,
  `first_name` varchar(50) DEFAULT NULL,
  `last_name` varchar(50) DEFAULT NULL,
  `company` varchar(100) DEFAULT NULL,
  `phone` varchar(20) DEFAULT NULL,
  PRIMARY KEY (`id`)
) ENGINE=InnoDB  DEFAULT CHARSET=utf8 AUTO_INCREMENT=5 ;

--
-- Dumping data for table `users`
--

INSERT INTO `users` (`id`, `ip_address`, `username`, `password`, `salt`, `email`, `activation_code`, `forgotten_password_code`, `forgotten_password_time`, `remember_code`, `created_on`, `last_login`, `active`, `first_name`, `last_name`, `company`, `phone`) VALUES
(1, '\0\0', 'administrator', '59beecdf7fc966e2f17fd8f65a4a9aeb09d4a3d4', '9462e8eee0', 'admin@admin.com', '', NULL, NULL, NULL, 1268889823, 1496292331, 1, 'Admin', 'istrator', 'ADMIN', '0'),
(2, '\0\0\0\0\0\0\0\0\0\0\0\0\0\0\0', 'hello hello', 'b74f3e749ade541961cb666a29b7fd4b1a56b3c7', NULL, 'test@test.com', NULL, NULL, NULL, NULL, 1377513478, 1379511562, 1, 'hello', 'hello', 'fuck', '123456789'),
(3, '\0\0\0\0\0\0\0\0\0\0\0\0\0\0\0', 'fuck fuck', '874c60df7f11ba9cc66bc48dea9f450368581d6a', NULL, 'fuck@fuck.com', '34d489adc489b67c770fb728b4520350b64e71ce', NULL, NULL, NULL, 1377514439, 1377514708, 0, 'fuck', 'fuck', 'fuck', '123456789'),
(4, '\0\0\0\0\0\0\0\0\0\0\0\0\0\0\0', 'f f', '94924dd4471f3a07397bdf7b3e18158f7b5e4376', NULL, 'f@f.com', NULL, NULL, NULL, NULL, 1377514489, 1377514684, 1, 'f', 'f', 'f', '12345679');

-- --------------------------------------------------------

--
-- Table structure for table `users_groups`
--

CREATE TABLE IF NOT EXISTS `users_groups` (
  `id` int(11) unsigned NOT NULL AUTO_INCREMENT,
  `user_id` int(11) unsigned NOT NULL,
  `group_id` mediumint(8) unsigned NOT NULL,
  PRIMARY KEY (`id`),
  UNIQUE KEY `uc_users_groups` (`user_id`,`group_id`),
  KEY `fk_users_groups_users1_idx` (`user_id`),
  KEY `fk_users_groups_groups1_idx` (`group_id`)
) ENGINE=InnoDB  DEFAULT CHARSET=utf8 AUTO_INCREMENT=11 ;

--
-- Dumping data for table `users_groups`
--

INSERT INTO `users_groups` (`id`, `user_id`, `group_id`) VALUES
(3, 1, 1),
(4, 1, 2),
(10, 2, 2),
(8, 3, 2),
(9, 4, 2);

--
-- Constraints for dumped tables
--

--
-- Constraints for table `users_groups`
--
ALTER TABLE `users_groups`
  ADD CONSTRAINT `fk_users_groups_groups1` FOREIGN KEY (`group_id`) REFERENCES `groups` (`id`) ON DELETE CASCADE ON UPDATE NO ACTION,
  ADD CONSTRAINT `fk_users_groups_users1` FOREIGN KEY (`user_id`) REFERENCES `users` (`id`) ON DELETE CASCADE ON UPDATE NO ACTION;

/*!40101 SET CHARACTER_SET_CLIENT=@OLD_CHARACTER_SET_CLIENT */;
/*!40101 SET CHARACTER_SET_RESULTS=@OLD_CHARACTER_SET_RESULTS */;
/*!40101 SET COLLATION_CONNECTION=@OLD_COLLATION_CONNECTION */;
